{
  "table_of_contents": [
    {
      "title": "<sup>(19)</sup> RU<sup>(11)</sup> 2 102 345<sup>(13)</sup> C1",
      "heading_level": null,
      "page_id": 0,
      "polygon": [
        [
          262.92724609375,
          56.23330365093499
        ],
        [
          494.18701171875,
          56.6849365234375
        ],
        [
          494.18701171875,
          80.1195068359375
        ],
        [
          262.92724609375,
          80.1195068359375
        ]
      ]
    },
    {
      "title": "\u0420\u041e\u0421\u0421\u0418\u0419\u0421\u041a\u041e\u0415 \u0410\u0413\u0415\u041d\u0422\u0421\u0422\u0412\u041e\n\u041f\u041e \u041f\u0410\u0422\u0415\u041d\u0422\u0410\u041c \u0418 \u0422\u041e\u0412\u0410\u0420\u041d\u042b\u041c \u0417\u041d\u0410\u041a\u0410\u041c",
      "heading_level": null,
      "page_id": 0,
      "polygon": [
        [
          79.43324937027708,
          169.44968833481744
        ],
        [
          250.4345703125,
          169.44968833481744
        ],
        [
          250.4345703125,
          189.12109375
        ],
        [
          79.43324937027708,
          189.12109375
        ]
      ]
    },
    {
      "title": "(12) \u041e\u041f\u0418\u0421\u0410\u041d\u0418\u0415 \u0418\u0417\u041e\u0411\u0420\u0415\u0422\u0415\u041d\u0418\u042f \u041a \u041f\u0410\u0422\u0415\u041d\u0422\u0423 \u0420\u041e\u0421\u0421\u0418\u0419\u0421\u041a\u041e\u0419 \u0424\u0415\u0414\u0415\u0420\u0410\u0426\u0418\u0418",
      "heading_level": null,
      "page_id": 0,
      "polygon": [
        [
          68.1926952141058,
          203.18967052537843
        ],
        [
          562.17041015625,
          203.18967052537843
        ],
        [
          562.17041015625,
          218.92822265625
        ],
        [
          68.1926952141058,
          218.92822265625
        ]
      ]
    },
    {
      "title": "(54) \u0411\u0415\u0421\u0421\u0412\u0418\u041d\u0426\u041e\u0412\u041e\u0415 \u0418 \u0411\u0415\u0417\u0411\u0410\u0420\u0418\u0415\u0412\u041e\u0415 \u0425\u0420\u0423\u0421\u0422\u0410\u041b\u042c\u041d\u041e\u0415 \u0421\u0422\u0415\u041a\u041b\u041e \u0421 \u0412\u042b\u0421\u041e\u041a\u0418\u041c \u0421\u0412\u0415\u0422\u041e\u041f\u0420\u041e\u041f\u0423\u0421\u041a\u0410\u041d\u0418\u0415\u041c",
      "heading_level": null,
      "page_id": 0,
      "polygon": [
        [
          68.94206549118388,
          328.4024933214604
        ],
        [
          520.0629722921915,
          328.4024933214604
        ],
        [
          520.0629722921915,
          343.50146484375
        ],
        [
          68.94206549118388,
          343.50146484375
        ]
      ]
    },
    {
      "title": "RUSSIAN AGENCY\nFOR PATENTS AND TRADEMARKS",
      "heading_level": null,
      "page_id": 1,
      "polygon": [
        [
          89.1750629722922,
          169.44968833481744
        ],
        [
          242.2998046875,
          167.9501335707925
        ],
        [
          242.2998046875,
          189.943359375
        ],
        [
          89.1750629722922,
          189.943359375
        ]
      ]
    },
    {
      "title": "<sup>(12)</sup> ABSTRACT OF INVENTION",
      "heading_level": null,
      "page_id": 1,
      "polygon": [
        [
          68.1926952141058,
          203.5107421875
        ],
        [
          277.1630859375,
          203.5107421875
        ],
        [
          277.1630859375,
          219.1337890625
        ],
        [
          68.1926952141058,
          219.1337890625
        ]
      ]
    },
    {
      "title": "\u0424\u043e\u0440\u043c\u0443\u043b\u0430 \u0438\u0437\u043e\u0431\u0440\u0435\u0442\u0435\u043d\u0438\u044f:",
      "heading_level": null,
      "page_id": 4,
      "polygon": [
        [
          343.96095717884134,
          65.7298583984375
        ],
        [
          474.3513853904282,
          65.7298583984375
        ],
        [
          474.3513853904282,
          79.47640249332146
        ],
        [
          343.96095717884134,
          79.47640249332146
        ]
      ]
    }
  ],
  "page_stats": [
    {
      "page_id": 0,
      "text_extraction_method": "surya",
      "block_counts": [
        [
          "Line",
          67
        ],
        [
          "Span",
          30
        ],
        [
          "TableCell",
          9
        ],
        [
          "ListItem",
          7
        ],
        [
          "Text",
          6
        ],
        [
          "SectionHeader",
          4
        ],
        [
          "Picture",
          1
        ],
        [
          "Table",
          1
        ],
        [
          "PageHeader",
          1
        ],
        [
          "PageFooter",
          1
        ],
        [
          "ListGroup",
          1
        ]
      ],
      "block_metadata": {
        "llm_request_count": 0,
        "llm_error_count": 0,
        "llm_tokens_used": 0,
        "previous_text": "",
        "previous_type": "",
        "previous_order": 0
      }
    },
    {
      "page_id": 1,
      "text_extraction_method": "surya",
      "block_counts": [
        [
          "Line",
          51
        ],
        [
          "Span",
          34
        ],
        [
          "Text",
          6
        ],
        [
          "TableCell",
          6
        ],
        [
          "SectionHeader",
          2
        ],
        [
          "Picture",
          1
        ],
        [
          "Table",
          1
        ],
        [
          "PageHeader",
          1
        ],
        [
          "PageFooter",
          1
        ]
      ],
      "block_metadata": {
        "llm_request_count": 0,
        "llm_error_count": 0,
        "llm_tokens_used": 0,
        "previous_text": "",
        "previous_type": "",
        "previous_order": 0
      }
    },
    {
      "page_id": 2,
      "text_extraction_method": "surya",
      "block_counts": [
        [
          "Line",
          331
        ],
        [
          "Span",
          153
        ],
        [
          "Text",
          26
        ],
        [
          "TextInlineMath",
          8
        ],
        [
          "PageHeader",
          1
        ],
        [
          "PageFooter",
          1
        ]
      ],
      "block_metadata": {
        "llm_request_count": 0,
        "llm_error_count": 0,
        "llm_tokens_used": 0,
        "previous_text": "",
        "previous_type": "",
        "previous_order": 0
      }
    },
    {
      "page_id": 3,
      "text_extraction_method": "surya",
      "block_counts": [
        [
          "Line",
          336
        ],
        [
          "Span",
          153
        ],
        [
          "Text",
          28
        ],
        [
          "TextInlineMath",
          9
        ],
        [
          "PageFooter",
          2
        ],
        [
          "ListItem",
          1
        ],
        [
          "PageHeader",
          1
        ]
      ],
      "block_metadata": {
        "llm_request_count": 0,
        "llm_error_count": 0,
        "llm_tokens_used": 0,
        "previous_text": "",
        "previous_type": "",
        "previous_order": 0
      }
    },
    {
      "page_id": 4,
      "text_extraction_method": "surya",
      "block_counts": [
        [
          "Line",
          192
        ],
        [
          "TableCell",
          122
        ],
        [
          "Span",
          97
        ],
        [
          "Text",
          19
        ],
        [
          "ListItem",
          3
        ],
        [
          "Equation",
          1
        ],
        [
          "SectionHeader",
          1
        ],
        [
          "Table",
          1
        ],
        [
          "PageHeader",
          1
        ],
        [
          "PageFooter",
          1
        ],
        [
          "ListGroup",
          1
        ]
      ],
      "block_metadata": {
        "llm_request_count": 0,