{
  "table_of_contents": [
    {
      "title": "<sup>(19)</sup> RU<sup>(11)</sup> 2 021 219<sup>(13)</sup> C1",
      "heading_level": null,
      "page_id": 0,
      "polygon": [
        [
          264.08935546875,
          56.23330365093499
        ],
        [
          494.18701171875,
          56.4793701171875
        ],
        [
          494.18701171875,
          81.0445556640625
        ],
        [
          264.08935546875,
          81.0445556640625
        ]
      ]
    },
    {
      "title": "\u0420\u041e\u0421\u0421\u0418\u0419\u0421\u041a\u041e\u0415 \u0410\u0413\u0415\u041d\u0422\u0421\u0422\u0412\u041e\n\u041f\u041e \u041f\u0410\u0422\u0415\u041d\u0422\u0410\u041c \u0418 \u0422\u041e\u0412\u0410\u0420\u041d\u042b\u041c \u0417\u041d\u0410\u041a\u0410\u041c",
      "heading_level": null,
      "page_id": 0,
      "polygon": [
        [
          80.040283203125,
          168.69991095280497
        ],
        [
          251.160888671875,
          168.69991095280497
        ],
        [
          251.160888671875,
          189.429443359375
        ],
        [
          80.040283203125,
          189.429443359375
        ]
      ]
    },
    {
      "title": "(12) \u041e\u041f\u0418\u0421\u0410\u041d\u0418\u0415 \u0418\u0417\u041e\u0411\u0420\u0415\u0422\u0415\u041d\u0418\u042f \u041a \u041f\u0410\u0422\u0415\u041d\u0422\u0423 \u0420\u041e\u0421\u0421\u0418\u0419\u0421\u041a\u041e\u0419 \u0424\u0415\u0414\u0415\u0420\u0410\u0426\u0418\u0418",
      "heading_level": null,
      "page_id": 0,
      "polygon": [
        [
          68.1926952141058,
          201.6901157613535
        ],
        [
          561.8798828125,
          202.89404296875
        ],
        [
          561.8798828125,
          219.6847729296527
        ],
        [
          68.1926952141058,
          218.51708984375
        ]
      ]
    },
    {
      "title": "(54) \u0421\u0422\u0415\u041a\u041b\u041e \u0414\u041b\u042f \u0421\u041f\u0410\u0418\u0412\u0410\u041d\u0418\u042f \u0421 \u041c\u0410\u0422\u0415\u0420\u0418\u0410\u041b\u0410\u041c\u0418 \u041f\u041b\u0410\u0422\u0418\u041d\u041e\u0412\u041e\u0419 \u0413\u0420\u0423\u041f\u041f\u042b",
      "heading_level": null,
      "page_id": 0,
      "polygon": [
        [
          68.1926952141058,
          340.0068359375
        ],
        [
          392.6700251889169,
          340.0068359375
        ],
        [
          392.6700251889169,
          351.5185546875
        ],
        [
          68.1926952141058,
          351.5185546875
        ]
      ]
    },
    {
      "title": "RUSSIAN AGENCY\nFOR PATENTS AND TRADEMARKS",
      "heading_level": null,
      "page_id": 1,
      "polygon": [
        [
          89.1750629722922,
          169.44968833481744
        ],
        [
          241.573486328125,
          169.44968833481744
        ],
        [
          241.573486328125,
          189.69367764915404
        ],
        [
          89.1750629722922,
          189.635009765625
        ]
      ]
    },
    {
      "title": "<sup>(12)</sup> ABSTRACT OF INVENTION",
      "heading_level": null,
      "page_id": 1,
      "polygon": [
        [
          68.1926952141058,
          203.71630859375
        ],
        [
          277.1630859375,
          203.71630859375
        ],
        [
          277.1630859375,
          218.92822265625
        ],
        [
          68.1926952141058,
          218.92822265625
        ]
      ]
    },
    {
      "title": "(54) GLASS FOR SOLDERING WITH MATERIAL OF PLATINUM GROUP",
      "heading_level": null,
      "page_id": 1,
      "polygon": [
        [
          68.94206549118388,
          350.14603739982186
        ],
        [
          367.19143576826195,
          350.14603739982186
        ],
        [
          367.19143576826195,
          362.41357421875
        ],
        [
          68.94206549118388,
          362.41357421875
        ]
      ]
    },
    {
      "title": "\u0421\u0422\u0415\u041a\u041b\u041e \u0414\u041b\u042f \u0421\u041f\u0410\u0418\u0412\u0410\u041d\u0418\u042f \u0421\n\u041c\u0410\u0422\u0415\u0420\u0418\u0410\u041b\u0410\u041c\u0418 \u041f\u041b\u0410\u0422\u0418\u041d\u041e\u0412\u041e\u0419 \u0413\u0420\u0423\u041f\u041f\u042b,\n\u0421\u041f\u0410\u0418\u0412\u0410\u041d\u0418\u042f\n\u0432\u043a\u043b\u044e\u0447\u0430\u044e\u0449\u0435\u0435 SiO2, PbO, K2O, \u043e\u0442\u043b\u0438\u0447\u0430\u044e\u0449\u0435\u0435\u0441\u044f\n\u0447\u0442\u043e,\n\u0446\u0435\u043b\u044c\u044e\n\u043f\u043e\u0432\u044b\u0448\u0435\u043d\u0438\u044f\n\u0442\u0435\u043c\n\u0421\n\u043f\u0440\u043e\u0438\u0437\u0432\u043e\u0434\u0438\u0442\u0435\u043b\u044c\u043d\u043e\u0441\u0442\u0438 \u0442\u0435\u0445\u043f\u0440\u043e\u0446\u0435\u0441\u0441\u0430\n\u043a\u0430\u043f\u0441\u0443\u043b\u0438\u0440\u043e\u0432\u0430\u043d\u0438\u044f \u043f\u0440\u0438 \u0438\u0437\u0433\u043e\u0442\u043e\u0432\u043b\u0435\u043d\u0438\u0438 \u0434\u0438\u043e\u0434\u043e\u0432 \u0438",
      "heading_level": null,
      "page_id": 2,
      "polygon": [
        [
          311.73803526448364,
          244.41845703125
        ],
        [
          507.323677581864,
          244.41845703125
        ],
        [
          507.323677581864,
          311.84423828125
        ],
        [
          311.73803526448364,
          311.84423828125
        ]
      ]
    }
  ],
  "page_stats": [
    {
      "page_id": 0,
      "text_extraction_method": "surya",
      "block_counts": [
        [
          "Line",
          96
        ],
        [
          "Span",
          56
        ],
        [
          "Text",
          8
        ],
        [
          "ListItem",
          7
        ],
        [
          "SectionHeader",
          4
        ],
        [
          "ListGroup",
          2
        ],
        [
          "Picture",
          1
        ],
        [
          "PageHeader",
          1
        ],
        [
          "PageFooter",
          1
        ]
      ],
      "block_metadata": {
        "llm_request_count": 0,
        "llm_error_count": 0,
        "llm_tokens_used": 0,
        "previous_text": "",
        "previous_type": "",
        "previous_order": 0
      }
    },
    {
      "page_id": 1,
      "text_extraction_method": "surya",
      "block_counts": [
        [
          "Line",
          86
        ],
        [
          "Span",
          46
        ],
        [
          "Text",
          10
        ],
        [
          "ListItem",
          5
        ],
        [
          "SectionHeader",
          3
        ],
        [
          "ListGroup",
          2
        ],
        [
          "Picture",
          1
        ],
        [
          "PageHeader",
          1
        ],
        [
          "PageFooter",
          1
        ]
      ],
      "block_metadata": {
        "llm_request_count": 0,
        "llm_error_count": 0,
        "llm_tokens_used": 0,
        "previous_text": "",
        "previous_type": "",
        "previous_order": 0
      }
    },
    {
      "page_id": 2,
      "text_extraction_method": "surya",
      "block_counts": [
        [
          "Span",
          132
        ],
        [
          "Line",
          131
        ],
        [
          "Text",
          24
        ],
        [
          "ListItem",
          5
        ],
        [
          "TextInlineMath",
          1
        ],
        [
          "SectionHeader",
          1
        ],
        [
          "PageHeader",
          1
        ],
        [
          "PageFooter",
          1
        ],
        [
          "ListGroup",
          1
        ]
      ],
      "block_metadata": {
        "llm_request_count": 0,
        "llm_error_count": 0,
        "llm_tokens_used": 0,
        "previous_text": "",
        "previous_type": "",
        "previous_order": 0
      }
    },
    {
      "page_id": 3,
      "text_extraction_method": "surya",