{
  "table_of_contents": [
    {
      "title": "\u0420\u041e\u0421\u0421\u0418\u0419\u0421\u041a\u041e\u0415 \u0410\u0413\u0415\u041d\u0422\u0421\u0422\u0412\u041e\n\u041f\u041e \u041f\u0410\u0422\u0415\u041d\u0422\u0410\u041c \u0418 \u0422\u041e\u0412\u0410\u0420\u041d\u042b\u041c \u0417\u041d\u0410\u041a\u0410\u041c",
      "heading_level": null,
      "page_id": 0,
      "polygon": [
        [
          79.31396484375,
          169.44968833481744
        ],
        [
          251.30615234375,
          169.44968833481744
        ],
        [
          251.30615234375,
          189.223876953125
        ],
        [
          79.31396484375,
          189.223876953125
        ]
      ]
    },
    {
      "title": "(12) \u041e\u041f\u0418\u0421\u0410\u041d\u0418\u0415 \u0418\u0417\u041e\u0411\u0420\u0415\u0422\u0415\u041d\u0418\u042f \u041a \u041f\u0410\u0422\u0415\u041d\u0422\u0423 \u0420\u041e\u0421\u0421\u0418\u0419\u0421\u041a\u041e\u0419 \u0424\u0415\u0414\u0415\u0420\u0410\u0426\u0418\u0418",
      "heading_level": null,
      "page_id": 0,
      "polygon": [
        [
          68.1926952141058,
          202.791259765625
        ],
        [
          562.4609375,
          202.791259765625
        ],
        [
          562.4609375,
          218.72265625
        ],
        [
          68.1926952141058,
          218.72265625
        ]
      ]
    },
    {
      "title": "(54) \u041b\u0415\u0413\u041a\u041e\u041f\u041b\u0410\u0412\u041a\u041e\u0415 \u0421\u0422\u0415\u041a\u041b\u041e \u041f\u0420\u0415\u0418\u041c\u0423\u0429\u0415\u0421\u0422\u0412\u0415\u041d\u041d\u041e \u0414\u041b\u042f \u0421\u041f\u0410\u0418\u0412\u0410\u041d\u0418\u042f \u042d\u041b\u0415\u041c\u0415\u041d\u0422\u041e\u0412 \u041c\u0410\u0413\u041d\u0418\u0422\u041d\u042b\u0425 \u0413\u041e\u041b\u041e\u0412\u041e\u041a",
      "heading_level": null,
      "page_id": 0,
      "polygon": [
        [
          68.94206549118388,
          320.2724609375
        ],
        [
          497.5818639798489,
          320.2724609375
        ],
        [
          497.5818639798489,
          342.4736328125
        ],
        [
          68.94206549118388,
          342.4736328125
        ]
      ]
    },
    {
      "title": "RUSSIAN AGENCY\nFOR PATENTS AND TRADEMARKS",
      "heading_level": null,
      "page_id": 1,
      "polygon": [
        [
          89.1750629722922,
          169.44968833481744
        ],
        [
          241.71875,
          169.44968833481744
        ],
        [
          241.71875,
          189.840576171875
        ],
        [
          89.1750629722922,
          189.840576171875
        ]
      ]
    },
    {
      "title": "<sup>(12)</sup> ABSTRACT OF INVENTION",
      "heading_level": null,
      "page_id": 1,
      "polygon": [
        [
          68.1926952141058,
          202.89404296875
        ],
        [
          277.308349609375,
          202.89404296875
        ],
        [
          277.308349609375,
          218.92822265625
        ],
        [
          68.1926952141058,
          218.92822265625
        ]
      ]
    },
    {
      "title": "(54) LOW-MELTING GLASS MAINLY FOR SOLDERING MAGNETIC HEAD MEMBERS",
      "heading_level": null,
      "page_id": 1,
      "polygon": [
        [
          68.94206549118388,
          310.19970703125
        ],
        [
          423.3942065491184,
          310.19970703125
        ],
        [
          423.3942065491184,
          321.71142578125
        ],
        [
          68.94206549118388,
          321.71142578125
        ]
      ]
    },
    {
      "title": "\u0424\u043e\u0440\u043c\u0443\u043b\u0430 \u0438\u0437\u043e\u0431\u0440\u0435\u0442\u0435\u043d\u0438\u044f:",
      "heading_level": null,
      "page_id": 2,
      "polygon": [
        [
          333.23486328125,
          398.3876953125
        ],
        [
          474.3513853904282,
          397.3820124666073
        ],
        [
          474.3513853904282,
          412.77734375
        ],
        [
          333.23486328125,
          412.77734375
        ]
      ]
    },
    {
      "title": "\u0422\u0430\u0431\u043b\u0438\u0446\u0430 1",
      "heading_level": null,
      "page_id": 3,
      "polygon": [
        [
          437.63224181360204,
          38.238646482635794
        ],
        [
          511.0705289672544,
          38.238646482635794
        ],
        [
          511.0705289672544,
          52.49652099609375
        ],
        [
          437.63224181360204,
          52.49652099609375
        ]
      ]
    }
  ],
  "page_stats": [
    {
      "page_id": 0,
      "text_extraction_method": "surya",
      "block_counts": [
        [
          "Line",
          82
        ],
        [
          "Span",
          44
        ],
        [
          "Text",
          8
        ],
        [
          "ListItem",
          7
        ],
        [
          "SectionHeader",
          3
        ],
        [
          "Picture",
          1
        ],
        [
          "Handwriting",
          1
        ],
        [
          "PageHeader",
          1
        ],
        [
          "PageFooter",
          1
        ],
        [
          "ListGroup",
          1
        ]
      ],
      "block_metadata": {
        "llm_request_count": 0,
        "llm_error_count": 0,
        "llm_tokens_used": 0,
        "previous_text": "",
        "previous_type": "",
        "previous_order": 0
      }
    },
    {
      "page_id": 1,
      "text_extraction_method": "surya",
      "block_counts": [
        [
          "Line",
          78
        ],
        [
          "Span",
          45
        ],
        [
          "Text",
          11
        ],
        [
          "ListItem",
          6
        ],
        [
          "SectionHeader",
          3
        ],
        [
          "Picture",
          1
        ],
        [
          "PageHeader",
          1
        ],
        [
          "PageFooter",
          1
        ],
        [
          "ListGroup",
          1
        ]
      ],
      "block_metadata": {
        "llm_request_count": 0,
        "llm_error_count": 0,
        "llm_tokens_used": 0,
        "previous_text": "",
        "previous_type": "",
        "previous_order": 0
      }
    },
    {
      "page_id": 2,
      "text_extraction_method": "surya",
      "block_counts": [
        [
          "Line",
          244
        ],
        [
          "Span",
          112
        ],
        [
          "Text",
          18
        ],
        [
          "ListItem",
          5
        ],
        [
          "ListGroup",
          2
        ],
        [
          "PageHeader",
          1
        ],
        [
          "TextInlineMath",
          1
        ],
        [
          "SectionHeader",
          1
        ],
        [
          "PageFooter",
          1
        ]
      ],
      "block_metadata": {
        "llm_request_count": 0,
        "llm_error_count": 0,
        "llm_tokens_used": 0,
        "previous_text": "",
        "previous_type": "",
        "previous_order": 0
      }
    },
    {
      "page_id": 3,
      "text_extraction_method": "surya",
      "block_counts": [
        [
          "TableCell",
          106
        ],
        [
          "Line",
          25
        ],
        [
          "Span",
          16
        ],
        [
          "Table",
          2
        ],
        [
          "SectionHeader",
          1
        ],
        [
          "Caption",
          1
        ],
        [
          "PageHeader",
          1
        ],
        [
          "TextInlineMath",
          1
        ],
        [
          "PageFooter",
          1
        ],
        [
          "TableGroup",
          1
        ]
      ],
      "block_metadata": {
        "llm_request_count": 0,
        "llm_error_count": 0,
        "llm_tokens_used": 0,
        "previous_text": "",
        "previous_type": "",
        "previous_order": 0
      }
    }
  ],